Appid,Game_title,Platform,Release_date,Price
3036520,Rome Goes Rogue,"['win', 'mac', 'linux']",Coming soon,Free
3100730,Zugnaex,['win'],"10 Oct, 2024",¥19.80
3263650,Hi! These Are Your Eyeballs Demo,['win'],"10 Oct, 2024",Free
3214910,The Fox Hare Disaster: Chapter One,['win'],"10 Oct, 2024",¥14.40
2957520,DRAGON BALL: Sparking! ZERO Season Pass,['win'],"10 Oct, 2024",¥198.00
3279770,THE BEST INVESTOR Demo,['win'],"10 Oct, 2024",Free
2790320,Măgurele Mystery 2,['win'],"10 Oct, 2024",¥18.20
3195080,Hexaquest Demo,['win'],"10 Oct, 2024",Free
1790600,DRAGON BALL: Sparking! ZERO,['win'],"10 Oct, 2024",¥298.00
2957460,DRAGON BALL: Sparking! ZERO Pre-Order Pack,['win'],"10 Oct, 2024",¥18.00
3276350,Are You Kidding Me (Demo),"['win', 'linux']","10 Oct, 2024",Free
3198450,Pilot Light Demo,"['win', 'linux']","10 Oct, 2024",Free
3270150,大乱闘リバーサイドギャルズ Demo,['win'],"10 Oct, 2024",Free
3178990,Floatineer 海上建筑师 Demo,['win'],"10 Oct, 2024",Free
2663670,Zodiac Revenger,['win'],"10 Oct, 2024",¥17.60
3282590,Hidalgo Demo,['win'],"10 Oct, 2024",Free
2972090,Spellagis,['win'],"10 Oct, 2024",¥22.00
3188720,WinSizeNG - Resize your desktop applications,['win'],"10 Oct, 2024",¥33.00
3279720,A Game of Gods: Infinium Demo,['win'],"10 Oct, 2024",Free
2573390,Playroom Invasion TD Demo,['win'],"10 Oct, 2024",Free
3278070,Zaraq Demo,['win'],"10 Oct, 2024",Free
3278200,Scuttle Demo,['win'],"10 Oct, 2024",Free
1851210,Strinova Demo,['win'],"10 Oct, 2024",Free
2880460,Terroro,['win'],"10 Oct, 2024",Free
3045000,Tile To Tile,['win'],"10 Oct, 2024",¥8.80
3239380,"Beat, Heart, Beat Demo","['win', 'mac']","10 Oct, 2024",Free
2913720,Industry Giant 4.0 Demo,['win'],"10 Oct, 2024",Free
3276930,The Greys: Human Abductions Demo,['win'],"10 Oct, 2024",Free
3281450,STAaRS Demo,['win'],"10 Oct, 2024",Free
3242720,good Demo,['win'],"10 Oct, 2024",Free
3263980,Christmas Hustle Demo,['win'],"10 Oct, 2024",Free
3270040,Our Ephemeral Nights Demo,"['win', 'mac', 'linux']","10 Oct, 2024",Free
3263900,A Shelter Full of Cats Demo,"['win', 'linux']","10 Oct, 2024",Free
3251770,Talewarden: Riders of the New Day Demo,['win'],"10 Oct, 2024",Free
3205240,Starship Troopers: Extermination - Boreas Cosmetic Pack,['win'],"10 Oct, 2024",¥42.00
3205210,Starship Troopers: Extermination - Valaka Cosmetic Pack,['win'],"10 Oct, 2024",¥42.00
3205230,Starship Troopers: Extermination - Planet X-11 Cosmetic Pack,['win'],"10 Oct, 2024",¥42.00
3205220,Starship Troopers: Extermination - Agni Prime Cosmetic Pack,['win'],"10 Oct, 2024",¥42.00
3269290,Genome Guardian Demo,['win'],"10 Oct, 2024",Free
3240510,Calypso's Calamity,"['win', 'mac']","10 Oct, 2024",¥42.00
2553930,Soul Drifter,['win'],"10 Oct, 2024",¥49.30
1500180,Decline's Drops,['win'],"10 Oct, 2024",¥57.60
2923260,Silent Slayer: Vault of the Vampire,"['win', 'group_separator']","10 Oct, 2024",¥62.40
3231460,Dreamstate,['win'],"10 Oct, 2024",¥42.00
3243140,RPG Maker MZ - Pixel Battlers Monsters Pack 1,"['win', 'mac']","10 Oct, 2024",¥23.40
3243030,RPG Maker MV - Pixel Battlers Monsters Pack 1,"['win', 'mac', 'linux']","10 Oct, 2024",¥23.40
3243320,RPG Maker VX Ace - Pixel Battlers Monsters Pack 1,['win'],"10 Oct, 2024",¥23.40
3243130,RPG Maker MZ - Summerwind Saga - Interior,"['win', 'mac']","10 Oct, 2024",¥26.10
3243020,RPG Maker MV - Summerwind Saga - Interior,"['win', 'mac', 'linux']","10 Oct, 2024",¥26.10
3243310,RPG Maker VX Ace - Summerwind Saga - Interior,['win'],"10 Oct, 2024",¥26.10
3243120,RPG Maker MZ - Fantasy Dreamland - Traveler Pack,"['win', 'mac']","11 Oct, 2024",¥37.80
3243000,RPG Maker MV - Fantasy Dreamland - Traveler Pack,"['win', 'mac', 'linux']","11 Oct, 2024",¥37.80
3243010,RPG Maker VX Ace - Fantasy Dreamland - Traveler Pack,['win'],"11 Oct, 2024",¥37.80
3200980,Slimepocalypse,['win'],"11 Oct, 2024",Free
3082310,PixelQuest - Herb's Adventure,['win'],"11 Oct, 2024",¥35.70
3270630,Grimstone Survivors Demo,['win'],"11 Oct, 2024",Free
3251630,UpRunner Demo,"['win', 'linux']","11 Oct, 2024",Free
3114640,Crimepunk Detective Demo,['win'],"11 Oct, 2024",Free
2809280,Amber Isle - Artbook,"['win', 'mac']","11 Oct, 2024",¥23.00
2999860,While Mom's Away,"['win', 'mac', 'linux']","11 Oct, 2024",Free
2809270,Amber Isle - Starter Pack,"['win', 'mac']","11 Oct, 2024",¥23.00
3185690,Amber Isle - Soundtrack,['music'],"11 Oct, 2024",¥23.00
3257500,BattleCap Demo,['win'],"10 Oct, 2024",Free
1663040,Amber Isle,['win'],"10 Oct, 2024",¥110.00
1442430,Storage Hunter Simulator,['win'],"10 Oct, 2024",¥73.60
2184350,Guild Saga: Vanished Worlds,['win'],"10 Oct, 2024",¥67.64
3226250,Dustgrave: Prologue,['win'],"10 Oct, 2024",Free
3144590,Butcher's Creek Demo,['win'],"10 Oct, 2024",Free
2884570,Roxy Raccoon's Pinball Panic - Manic Miners,['win'],"10 Oct, 2024",¥9.35
3116650,Serke Demo,['win'],"10 Oct, 2024",Free
3209890,Blacksmith: Ignite the Forge Demo,['win'],"10 Oct, 2024",Free
3082030,Microtopia: Prologue,['win'],"10 Oct, 2024",Free
3168190,Cain × Nica Demo,['win'],"10 Oct, 2024",Free
3277090,Invaders Tower Defense Online Demo,['win'],"10 Oct, 2024",Free
3239020,Path to the Goal,['win'],"10 Oct, 2024",¥19.80
1358790,Tipston Salvage,['win'],"10 Oct, 2024",¥59.40
2657400,Construction Simulator - Dynapac Pack,['win'],"10 Oct, 2024",¥42.00
3233570,Rising Heat Demo,['win'],"10 Oct, 2024",Free
3235780,Crafty Racer Demo,"['win', 'mac']","10 Oct, 2024",Free
3258790,Stuff to do,['win'],"10 Oct, 2024",Free
3234460,Mythos Ever After: (A Cthulhu Dating Sim) Magnusball Booster Pack (2024 Variants),"['win', 'linux']","10 Oct, 2024",¥6.00
3256540,The Stone of Madness Demo,['win'],"10 Oct, 2024",Free
3105420,Super Cave Boy Demo,['win'],"10 Oct, 2024",Free
3263170,Bloobs Adventure Idle - Supporter Pack,['win'],"10 Oct, 2024",¥24.65
3209900,Ale Abbey Demo,['win'],"10 Oct, 2024",Free
3191270,Ari Buktu and the Anytime Elevator Demo,"['win', 'linux']","10 Oct, 2024",Free
2724640,AIMX,['win'],"10 Oct, 2024",Free
3062930,Unplagued,['win'],"10 Oct, 2024",¥0.00
3245870,Wesley Smith's Repair Game Demo,['win'],"10 Oct, 2024",Free
3170540,Backyard Baseball '97,['win'],"10 Oct, 2024",¥37.80
2067160,Simulakros,['win'],"10 Oct, 2024",¥51.00
3154090,Sins of a Solar Empire II - Soundtrack,['music'],"15 Aug, 2024",¥33.60
3240560,Neuria Funny Live Wallpapers,['win'],"10 Oct, 2024",¥7.70
3261260,Two Falls (Nishu Takuatshina) Demo,['win'],"10 Oct, 2024",Free
2983890,PowerWash Simulator – Shrek Special Pack,['win'],"10 Oct, 2024",¥28.00
2956020,TS Marketplace: Feather River Canyon Enhanced Scenario Pack 02,['win'],"10 Oct, 2024",¥42.00
3160710,Loot Stack - Relics Hunter,['win'],"10 Oct, 2024",¥10.50
3228010,Gori: Cuddly Carnage - Safe In Our World Skin Pack,['win'],"10 Oct, 2024",¥11.00
3209300,RETRO ROBOTS 2D,['win'],"10 Oct, 2024",¥42.00
2994680,Nobodies: Silent Blood,"['win', 'mac', 'linux']","10 Oct, 2024",¥26.10
2441470,Elements: Path of the Wizard,['win'],"10 Oct, 2024",¥10.04
2537190,Vicera,['win'],"10 Oct, 2024",¥35.70
3200880,Werewolf: The Apocalypse — The Book of Hungry Names — Those Who Refuse to Die,"['win', 'mac', 'linux']","10 Oct, 2024",¥9.90
3245380,They Do Not Die,"['win', 'linux']","10 Oct, 2024",¥22.00
2103510,Spear Song,['win'],"10 Oct, 2024",¥52.20
3251950,CrapShoot,['win'],"10 Oct, 2024",¥8.80
3024540,ГОООООООЛ!,['win'],"10 Oct, 2024",¥7.92
3197110,Permafrost Demo,['win'],"10 Oct, 2024",Free
1691750,Sky Oceans: Wings for Hire,['win'],"10 Oct, 2024",¥82.80
3106210,Sarah Wiener Kochspiel,"['win', 'mac']","10 Oct, 2024",¥26.00
3250380,Stage Cleared Demo,"['win', 'linux']","10 Oct, 2024",Free
3186420,Cannon Island,['win'],"10 Oct, 2024",¥18.00
3258190,The Power of Doznath Demo,['win'],"10 Oct, 2024",Free
3277210,Craig 12: Craig's Escape Demo,['win'],"10 Oct, 2024",Free
3241060,THE DAMN PSYCHIATRIC,['win'],"10 Oct, 2024",¥36.80
3240960,Last Time I Saw You - Soundtrack,['music'],"10 Oct, 2024",¥42.00
1909750,Last Time I Saw You,['win'],"10 Oct, 2024",¥66.00
3062240,Arcane Raiders Demo,['win'],"10 Oct, 2024",Free
3216870,Luma Island Demo,['win'],"10 Oct, 2024",Free
3273450,Social Warfare Demo,['win'],"10 Oct, 2024",Free
3270870,Undesired Catch Demo,['win'],"10 Oct, 2024",Free
3280670,Chroma Cross Demo,['win'],"10 Oct, 2024",Free
3235430,Frog Box,['win'],"10 Oct, 2024",¥22.00
3227560,Journey Up Demo,"['win', 'group_separator']","10 Oct, 2024",Free
3269540,Fledgling Manor Demo,['win'],"10 Oct, 2024",Free
3111330,Colony - Arena Online,['win'],"10 Oct, 2024",¥11.00
3061580,Отделение 38,['win'],"10 Oct, 2024",¥15.60
3244490,欧酱的迷宫大冒险,['win'],"10 Oct, 2024",Free
1851350,Stampede: Racing Royale,['win'],"10 Oct, 2024",Free
3222480,Decollate Decoration Demo,['win'],"10 Oct, 2024",Free
3149930,Fated Land Demo,['win'],"10 Oct, 2024",Free
2989880,Gearbits: Raider expedition,"['win', 'mac', 'linux']","10 Oct, 2024",¥22.00
3197460,Taxi Life - Summer Cosmetic Pack,['win'],"10 Oct, 2024",Free
3007500,漆黑猎场 Demo,"['win', 'mac']","10 Oct, 2024",Free
3248450,InvisibleHand,['win'],"10 Oct, 2024",¥9.90
3066120,konchi,['win'],"10 Oct, 2024",Free
3262800,Master Leaf Blower Demo,['win'],"10 Oct, 2024",Free
3180540,Endgame of Devil-Supporter Pack: Monster Girl,"['win', 'mac']","10 Oct, 2024",¥9.90
3229580,Blood: Endless Pursuit,['win'],"10 Oct, 2024",Free
3239550,ATC Ground Point,['win'],"10 Oct, 2024",¥32.40
3058750,Rally Arcade Classics Demo,['win'],"10 Oct, 2024",Free
3199000,Countdown,['win'],"10 Oct, 2024",Free
3237940,Trainz Plus DLC - Pro Train: ATSF F7A/B Warbonnet Loco Bundle,"['win', 'mac']","10 Oct, 2024",¥52.00
3237910,Trainz 2022 DLC - Pro Train: ATSF F7A/B Warbonnet Loco Bundle,"['win', 'mac']","10 Oct, 2024",¥52.00
3237890,Trainz 2019 DLC - Pro Train: ATSF F7A/B Warbonnet Loco Bundle,"['win', 'mac']","10 Oct, 2024",¥52.00
3032810,TEN SHOT,['win'],"10 Oct, 2024",¥5.49
3227170,Guidus Zero Demo,['win'],"10 Oct, 2024",Free
3214880,Bloody Painter Dating Sim,['win'],"10 Oct, 2024",Free
3249680,Bread,['win'],"10 Oct, 2024",¥3.60
3245790,Damien Crawford's Golf Experience 2024,['win'],"10 Oct, 2024",¥18.00
2516270,Pa!nt,"['win', 'mac']","10 Oct, 2024",¥37.80
2912240,Monster Jam™ Showdown - DIGatron™,['win'],"10 Oct, 2024",Free
2501600,DICEOMANCER,['win'],"10 Oct, 2024",¥43.20
3266160,Don't Be Afraid 2 Demo,['win'],"10 Oct, 2024",Free
3054450,Idolverse,['win'],"10 Oct, 2024",¥46.00
3241770,Novice Dungeon Master Demo,['win'],"10 Oct, 2024",Free
3278020,Zombie Blitzkrieg Demo,"['win', 'mac']","10 Oct, 2024",Free
2820520,TopSpin 2K25 Premium Centre Court Pass Season 4,['win'],"10 Oct, 2024",¥66.00
3215950,Pixel Restorer：Image Folder 4,['win'],"10 Oct, 2024",¥4.50
2941150,Fire Magician: Arcana,['win'],"10 Oct, 2024",Free
2818300,Keepers of ancient lands,['win'],"10 Oct, 2024",¥4.20
3207710,铁山奇谭 序章,['win'],"10 Oct, 2024",Free
3270460,ColorSweeper Demo,['win'],"10 Oct, 2024",Free
3267600,Anna's Summer Splash Demo,['win'],"10 Oct, 2024",Free
3203670,Love in Login - Wallpaper (Dahye in Contemporary Hanbok),['win'],"10 Oct, 2024",Free
3203660,Love in Login - Wallpaper (Dahye in Traditional Hanbok),['win'],"10 Oct, 2024",Free
2590220,The Blogger: Pumpkins and Witches,"['win', 'mac']","10 Oct, 2024",¥29.40
3253070,The Gate,['win'],"10 Oct, 2024",¥11.00
3191360,Space Survivors Demo,['win'],"10 Oct, 2024",Free
2334180,Metal Bringer Demo,['win'],"10 Oct, 2024",Free
3198730,3°C Demo,['win'],"10 Oct, 2024",Free
3257080,The Valley of the Architects Demo,['win'],"10 Oct, 2024",Free
2694980,长安小时光 Demo,['win'],"10 Oct, 2024",Free
3257370,Voidzone Demo,['win'],"10 Oct, 2024",Free
3053590,Neo Ha_Bits Demo,['win'],"10 Oct, 2024",Free
3074510,VR Film - My Inner Ear Quartet,"['win', 'group_separator']","10 Oct, 2024",¥60.80
3101730,Game Of Fate Demo,"['win', 'mac']","10 Oct, 2024",Free
3046530,JustBox,['win'],"10 Oct, 2024",Free
3046520,DABULARI,['win'],"10 Oct, 2024",Free
3251070,Along long road,['win'],"10 Oct, 2024",¥24.65
3046510,KiLLPaKu!,['win'],"10 Oct, 2024",Free
3046500,ORDER9,['win'],"10 Oct, 2024",Free
3280060,Shamoji Demo,['win'],"10 Oct, 2024",Free
3245990,Pixel Game Maker MV - RPG Techno Flavors Style 「F」,['win'],"10 Oct, 2024",¥55.80
3245980,Pixel Game Maker MV - Sci-Fi Near-Future Action BGM Pack,['win'],"10 Oct, 2024",¥46.80
3243750,RPG Maker MZ - Various cars Characters set,"['win', 'mac']","10 Oct, 2024",¥46.80
3243670,RPG Maker MV - Various cars Characters set,"['win', 'mac', 'linux']","10 Oct, 2024",¥46.80
3243660,RPG Maker MV - RPG Techno Flavors Style 「F」,"['win', 'mac', 'linux']","10 Oct, 2024",¥55.80
2304210,Clarity: The Seven Demons of Vanguardia,['win'],"10 Oct, 2024",¥35.70
3243650,RPG Maker MV - Menu Builder,"['win', 'mac', 'linux']","10 Oct, 2024",¥37.80
3243640,RPG Maker MV - NEONPIXEL - International Airport,"['win', 'mac', 'linux']","10 Oct, 2024",¥37.80
3243630,RPG Maker MV - Withered Gods - Torrential Rain Music Pack,"['win', 'mac', 'linux']","10 Oct, 2024",¥37.80
3243610,RPG Maker MV - Sci-Fi Near-Future Action BGM Pack,"['win', 'mac', 'linux']","10 Oct, 2024",¥46.80
3243560,RPG Maker MZ - RPG Techno Flavors Style 「F」,"['win', 'mac']","10 Oct, 2024",¥55.80
3243550,RPG Maker MZ - Menu Builder,"['win', 'mac']","10 Oct, 2024",¥37.80
3243540,RPG Maker MZ - NEONPIXEL - International Airport,"['win', 'mac']","10 Oct, 2024",¥37.80
3243530,RPG Maker MZ - Withered Gods - Torrential Rain Music Pack,"['win', 'mac']","10 Oct, 2024",¥37.80
3243520,RPG Maker MZ - Sci-Fi Near-Future Action BGM Pack,"['win', 'mac']","10 Oct, 2024",¥46.80
3277690,Defense Golem Demo,['win'],"10 Oct, 2024",Free
3248080,Archetype and the Four Winds of Hell Demo,['win'],"10 Oct, 2024",Free
2334240,Lunar Siege Demo,['win'],"10 Oct, 2024",Free
3190740,The Mansion of The Macabre Demo,['win'],"10 Oct, 2024",Free
3277160,Single Espresso Demo,['win'],"10 Oct, 2024",Free
3240910,ムラヤキヴィラン 体験版,['win'],"10 Oct, 2024",Free
3270730,Deadly Footprints Demo,['win'],"10 Oct, 2024",Free
3212380,AéroMultiverse,['win'],"10 Oct, 2024",¥33.00
3267000,Pulse Rebound Demo,['win'],"10 Oct, 2024",Free
3269700,keykode Demo,['win'],"10 Oct, 2024",Free
3191590,Art Shop Simulator Demo,['win'],"10 Oct, 2024",Free
3247870,The Hellgate Club Demo,['win'],"10 Oct, 2024",Free
3062490,Epic Space Trader,"['win', 'mac', 'linux']","10 Oct, 2024",¥20.39
3266870,San Sacrament Cemetery Demo,['win'],"10 Oct, 2024",Free
3250200,FreeChance Demo,['win'],"10 Oct, 2024",Free
3198540,Dungeon Antiqua,"['win', 'mac']","10 Oct, 2024",¥23.20
2076100,GOST of Time,['win'],"10 Oct, 2024",¥18.70
3225490,The Rolling Room Demo,['win'],"10 Oct, 2024",Free
3217660,Crown & Capital,['win'],"10 Oct, 2024",¥42.00
3279460,Champions of Chaxia Demo,['win'],"10 Oct, 2024",Free
3256810,Top Gnome Demo,['win'],"10 Oct, 2024",Free
2957080,Wild Realms,['win'],"10 Oct, 2024",¥37.80
3277620,Galen's Eye Demo,['win'],"10 Oct, 2024",Free
3257290,INNERSCAPE Demo,['win'],"10 Oct, 2024",Free
3266650,Atomic Raid Demo,['win'],"10 Oct, 2024",Free
3276490,Infinity Sweeper Demo,['win'],"10 Oct, 2024",Free
3198080,Idle Champions - Cursed Banshee Thellora Skin & Feat Pack,"['win', 'mac']","10 Oct, 2024",¥38.40
3198070,Idle Champions - Vampire Hunter Voronika Theme Pack,"['win', 'mac']","10 Oct, 2024",¥80.64
2960650,Tankbot Battle,"['win', 'linux']","10 Oct, 2024",¥15.30
3249090,Ostrich Run,['win'],"10 Oct, 2024",Free
3101050,Parasitic Descent,['win'],"10 Oct, 2024",¥35.70
3235080,Horse Farm Simulator 2024 Demo,['win'],"10 Oct, 2024",Free
3251780,Toushin Gent Demo,['win'],"10 Oct, 2024",Free
3268340,Dreamians: Card Battle Demo,['win'],"10 Oct, 2024",Free
3000490,Cave Crawler 2,['win'],"10 Oct, 2024",Free
3177000,"Shine On, My Little Sun Demo",['win'],"10 Oct, 2024",Free
3209120,Bubumbu Demo,['win'],"10 Oct, 2024",Free
3205080,Bad Parenting 1: Mr. Red Face,['win'],"10 Oct, 2024",¥11.00
3111250,F*ck This Job Demo,['win'],"10 Oct, 2024",Free
2225010,Plague: London 1665,"['win', 'mac']","10 Oct, 2024",¥87.20
3270740,Hellfire Rampage VR Demo,"['win', 'group_separator']","10 Oct, 2024",Free
3259490,Bat to the Beat Demo,"['win', 'mac']","10 Oct, 2024",Free
3100960,Firefighter Wizard: The Elemental Order Demo,['win'],"10 Oct, 2024",Free
2834330,Hidden in my Paradise,"['win', 'mac', 'linux']","10 Oct, 2024",¥35.70
3272240,Sadball: Placebo (Demo),['win'],"9 Oct, 2024",Free
3244540,Balls Crush Simulator,['win'],"9 Oct, 2024",¥13.50
3261350,Adventure Paws Demo,['win'],"9 Oct, 2024",Free
3194040,Trading Kingdom Demo,['win'],"9 Oct, 2024",Free
3062520,Nightmare Within Demo,['win'],"9 Oct, 2024",Free
1155650,Shady Knight,['win'],"9 Oct, 2024",¥64.60
3034520,The Fox's Way Home,"['win', 'mac']","9 Oct, 2024",¥62.00
3202040,NatsumeRyoran - Romance of Hi-Spec Yoko -,['win'],"9 Oct, 2024",¥92.00
3213810,Nest,"['win', 'linux']","9 Oct, 2024",¥15.00
3229370,ストレイ・メモリア,['win'],"9 Oct, 2024",¥47.60
3230810,Noiramore Academy Demo,['win'],"9 Oct, 2024",Free
3165150,Azura's Crystals Demo,['win'],"9 Oct, 2024",Free
3167630,Police Simulator: Patrol Officers: Fast Pursuit Police Vehicle DLC,['win'],"9 Oct, 2024",¥15.00
2058150,Duck Paradox,['win'],"9 Oct, 2024",¥33.60
3219480,Duck Paradox Soundtrack,['music'],"9 Oct, 2024",¥22.00
3059240,Space Shooter,['win'],"9 Oct, 2024",¥3.60
3219490,Duck Paradox - Art Book,['win'],"9 Oct, 2024",¥15.00
3261400,Bike Baron 2: The Art of Riding Demo,['win'],"9 Oct, 2024",Free
3056320,The Drawnjuring Demo,['win'],"9 Oct, 2024",Free
2400160,Glyphica: Typing Survival,"['win', 'mac']","9 Oct, 2024",¥33.60
3195370,PopSlinger Vol. 2 - Loveless,['win'],"9 Oct, 2024",¥58.00
3230130,No Border Demo,['win'],"9 Oct, 2024",Free
3202180,Wordban Demo: a text-based Sokoban game,"['win', 'mac', 'linux']","9 Oct, 2024",Free
3122270,Klobgniak,['win'],"9 Oct, 2024",¥42.00
2377250,Whimel Academy,['win'],"9 Oct, 2024",¥46.40
3142540,The Planet Crafter - Planet Humble,['win'],"9 Oct, 2024",¥33.00
1764270,Garage Flipper,['win'],"9 Oct, 2024",¥52.20
3172430,Craftimals: Build to the Sun,"['win', 'mac', 'linux']","9 Oct, 2024",¥15.00
3258630,Nuclear Gladiators 3000 Demo,['win'],"9 Oct, 2024",Free
1474930,Heavy Cargo - The Truck Simulator,['win'],"9 Oct, 2024",¥78.20
3142620,Shop Simulator: Supermarket - Demo,['win'],"9 Oct, 2024",Free
3146590,Proportions,['win'],"9 Oct, 2024",¥33.60
3273580,Gung Beetle Demo,['win'],"9 Oct, 2024",Free
3276630,Nightmare Pursuit Demo,['win'],"9 Oct, 2024",Free
3180740,AnderKant Soundtrack,['music'],"9 Oct, 2024",¥22.00
3171760,AnderKant,['win'],"9 Oct, 2024",¥42.00
3271270,BLOOD=BULLETS Demo,['win'],"9 Oct, 2024",Free
3268390,Tavern Talk: Supporter Edition Upgrade,"['win', 'mac']","9 Oct, 2024",¥29.00
3257960,Fortress Fury Demo,"['win', 'mac', 'linux']","9 Oct, 2024",Free
3221180,Re:Flex,['win'],"9 Oct, 2024",¥26.46
3214890,Nexus Knights Demo,['win'],"9 Oct, 2024",Free
3262170,Pizza Delivery in a Storm Demo,['win'],"9 Oct, 2024",Free
3258160,I Come In Peace Demo,['win'],"9 Oct, 2024",Free
3231910,Underwater Cycling,['win'],"9 Oct, 2024",¥6.00
3231900,Go Babies,['win'],"9 Oct, 2024",¥4.02
3237980,dob,['win'],"9 Oct, 2024",¥11.00
3256700,Barrage Demo,['win'],"9 Oct, 2024",Free
3239860,Slime's Journey,['win'],"9 Oct, 2024",¥4.50
3197510,The Reverend Demo,['win'],"9 Oct, 2024",Free
3253650,Clockwork Rabbit Demo,['win'],"9 Oct, 2024",Free
3222880,My Happy Village in the Kingdom,['win'],"9 Oct, 2024",¥25.20
3211790,Stacy Sharp and the Night Of Too Many Monsters,['win'],"9 Oct, 2024",Free
3200020,Gengu Survival,['win'],"9 Oct, 2024",¥15.30
3152280,末世部落,['win'],"9 Oct, 2024",Free
3251610,Space Memory: Dogs,['win'],"9 Oct, 2024",¥6.60
3141170,Microbial Sector,['win'],"9 Oct, 2024",Free
3242150,GhostlyRyokan,['win'],"9 Oct, 2024",¥15.00
3244610,Tony and Jennie 2,['win'],"9 Oct, 2024",¥18.44
3223740,Fire in the Dark,['win'],"9 Oct, 2024",¥9.90
3251370,Lawnmower Game: 2024,['win'],"9 Oct, 2024",¥6.60
3244090,Meowmewbug,['win'],"9 Oct, 2024",¥12.00
3249820,The Laziest Person In The World Competition: Animal Companions,['win'],"9 Oct, 2024",¥11.00
3230020,The Laziest Person In The World Competition,['win'],"9 Oct, 2024",Free
3245560,Kebab Simulator VR Demo,"['win', 'group_separator']","9 Oct, 2024",Free
3269900,Brave Village Demo,"['win', 'mac']","9 Oct, 2024",Free
3259590,Lost In Static Demo,['win'],"9 Oct, 2024",Free
3222070,MGDC Minigame Collection,['win'],"9 Oct, 2024",Free
3111910,Gedonia 2 Demo,['win'],"9 Oct, 2024",Free
2990510,SkyBrew: Entropic Strategist,['win'],"9 Oct, 2024",¥57.80
3274130,Rescue Girl Operation: Code X DEMO,['win'],"9 Oct, 2024",Free
3222520,Fortune Crafter,['win'],"9 Oct, 2024",¥10.80
3259690,恶役大小姐不干啦 Demo,['win'],"9 Oct, 2024",Free
2976060,Enough with the Witch Demo,['win'],"9 Oct, 2024",Free
3211940,刀剑竞技场 Weapons Arena Demo,['win'],"9 Oct, 2024",Free
3218490,Spray Cola,"['win', 'mac', 'linux']","9 Oct, 2024",¥8.10
3272490,Bricking Bots Demo,['win'],"9 Oct, 2024",Free
3203580,Barheim Demo,['win'],"9 Oct, 2024",Free
3220850,Corporate Beatdown Demo,['win'],"9 Oct, 2024",Free
2640380,Hollow: Cook Off,['win'],"9 Oct, 2024",Free
2873400,GameGuru MAX Steampunk Booster Pack - Industry,['win'],"9 Oct, 2024",¥91.80
3228260,Waifu Survivors Demo,['win'],"9 Oct, 2024",Free
3265760,Jump & Fall Demo,['win'],"9 Oct, 2024",Free
3260710,boringFly Demo,['win'],"9 Oct, 2024",Free
3219070,The Little Clandestine - Demo,['win'],"9 Oct, 2024",Free
3211010,Color Wheels,['win'],"9 Oct, 2024",¥42.00
3217980,SurvivalWorld,['win'],"9 Oct, 2024",¥48.00
3215470,Octopus Goulash Demo,['win'],"9 Oct, 2024",Free
3269530,Love Me or Die Demo,['win'],"9 Oct, 2024",Free
3216760,The drawing of the Gospels,['win'],"9 Oct, 2024",¥5.40
3211910,Doodle Tank Commander Demo,['win'],"9 Oct, 2024",Free
3221760,古道卿卿,['win'],"9 Oct, 2024",¥3.60
3113930,AIRANBLADE Demo,['win'],"9 Oct, 2024",Free
2610890,Phantasist Demo,['win'],"9 Oct, 2024",Free
3276660,Tilebreaker Next Level Demo,['win'],"9 Oct, 2024",Free
3255220,Kitty Collapse Demo,['win'],"9 Oct, 2024",Free
3130870,Harvester of the dead Demo,['win'],"9 Oct, 2024",Free
3266280,Nebelmer Demo,['win'],"9 Oct, 2024",Free
3222430,Soleil Survivor,['win'],"9 Oct, 2024",Free
2972400,Destiny 2: Revenant Silver Bundle,['win'],"9 Oct, 2024",¥89.00
1927150,Townframe,['win'],"9 Oct, 2024",¥29.00
2950340,LEGO® Harry Potter™ Collection,['win'],"9 Oct, 2024",¥288.00
2475510,Takoyaki Surprise,['win'],"9 Oct, 2024",¥13.20
3249180,Traveller's Hymn,['win'],"9 Oct, 2024",Free
3100180,Unplayable,['win'],"9 Oct, 2024",Free
3223500,Placid Plastic Duck - Rooftop One Percent,['win'],"9 Oct, 2024",¥12.00
1290980,Extra Coin,['win'],"9 Oct, 2024",¥19.80
3235250,Warlock's Dungeon Demo,['win'],"9 Oct, 2024",Free
3224960,Pizzapocalypse,['win'],"9 Oct, 2024",Free
3054770,EA SPORTS™ WRC 24 Locations & Cars Content Pack,['win'],"9 Oct, 2024",¥118.00
3128480,EA SPORTS™ WRC 24 Season Expansion Bundle,['win'],"9 Oct, 2024",¥158.00
2120070,Pro Philosopher 2: Governments & Grievances,['win'],"8 Oct, 2024",¥29.70
3274330,Hover Groove Demo,['win'],"8 Oct, 2024",Free
2900100,Undisputed - WBC Pack,['win'],"8 Oct, 2024",¥81.80
1451190,Undisputed,['win'],"8 Oct, 2024",¥185.80
2149340,Escape the Testing Facility,['win'],"8 Oct, 2024",¥26.00
3217140,DeTechtive 2112 Demo,['win'],"8 Oct, 2024",Free
3241790,The Strongest TOFU Original Soundtrack,['music'],"8 Oct, 2024",¥29.00
2597470,Tower of Dreams,['win'],"8 Oct, 2024",¥43.20
3238660,Bonaparte - A Mechanized Revolution - Demo,['win'],"8 Oct, 2024",Free
3234740,Ancestral,['win'],"8 Oct, 2024",¥42.00
1404090,Trivia Tricks,['win'],"8 Oct, 2024",¥46.40
2917350,Spin Hero,['win'],"8 Oct, 2024",¥29.70
3181570,Beat Saber - Britney Spears x Will.I.AM - Scream and Shout (Will.I.AM),['win'],"8 Oct, 2024",¥11.00
3156260,Beat Saber - Britney Spears - …Baby One More Time,['win'],"8 Oct, 2024",¥11.00
3181600,Beat Saber - Britney Spears - Womanizer,['win'],"8 Oct, 2024",¥11.00
3181590,Beat Saber - Britney Spears - Toxic,['win'],"8 Oct, 2024",¥11.00
3181580,Beat Saber - Britney Spears - Till the World Ends - Till the World Ends,['win'],"8 Oct, 2024",¥11.00
3181560,Beat Saber - Britney Spears - Overprotected,['win'],"8 Oct, 2024",¥11.00
3181550,Beat Saber - Britney Spears - Oops!...I Did It Again,['win'],"8 Oct, 2024",¥11.00
3181530,Beat Saber - Britney Spears - Me Against the Music (feat. Madonna),['win'],"8 Oct, 2024",¥11.00
3181520,Beat Saber - Britney Spears - I’m A Slave 4 U,['win'],"8 Oct, 2024",¥11.00
3181510,Beat Saber - Britney Spears - Gimme More,['win'],"8 Oct, 2024",¥11.00
3181490,Beat Saber - Britney Spears - Circus,['win'],"8 Oct, 2024",¥11.00
2666550,Dead Season,['win'],"8 Oct, 2024",¥60.80
3258770,Fantasy Grounds - Pathfinder 2 RPG - Pathfinder Adventure Path #202: Severed at the Root (Wardens of Wildwood 2 of 3),"['win', 'mac', 'linux']","8 Oct, 2024",¥108.00
3233480,Fantasy Grounds - Mini-Dungeon Tome II (5th Edition),"['win', 'mac', 'linux']","8 Oct, 2024",¥108.00
3259410,Fantasy Grounds - Ed's Midnight Tales,"['win', 'mac', 'linux']","8 Oct, 2024",¥29.00
3255150,Fantasy Grounds - Jerry's Midnight Tales,"['win', 'mac', 'linux']","8 Oct, 2024",¥26.00
3264060,Grey Galactic Demo,['win'],"8 Oct, 2024",Free
3233090,Fantasy Grounds - Who Killed BB Wolf?,"['win', 'mac', 'linux']","8 Oct, 2024",¥26.00
3245180,Fantasy Grounds - Savage Tales of Horror: Volume 1,"['win', 'mac', 'linux']","8 Oct, 2024",¥42.00
3258730,Fantasy Grounds - Seven Worlds Module 1: Rumors of War,"['win', 'mac', 'linux']","8 Oct, 2024",¥26.00
2598980,Oh Baby Kart,"['win', 'mac']","8 Oct, 2024",Free
3256820,Fantasy Grounds - Seven Worlds Module 2: Divided We Fall,"['win', 'mac', 'linux']","8 Oct, 2024",¥26.00
2883680,The Land of Magic - Deluxe Edition,"['win', 'linux']","8 Oct, 2024",¥19.50
2981810,Faunamorph Demo,['win'],"8 Oct, 2024",Free
3018300,太古洪荒,['win'],"8 Oct, 2024",¥22.00
3230390,KartMania Silver Demo,['win'],"8 Oct, 2024",Free
3231000,Casino Box - Suitera DLC,['win'],"8 Oct, 2024",¥22.00
3244240,MIDNIGHT GETAWAY,['win'],"8 Oct, 2024",¥15.00
3191220,Star Stuff Soundtrack,['music'],"8 Oct, 2024",¥18.00
3148120,Shashlik Demo,['win'],"8 Oct, 2024",Free
3019980,Disc Frenzy Demo,"['win', 'group_separator']","8 Oct, 2024",Free
3240090,Bloodshed Demo,['win'],"8 Oct, 2024",Free
1866640,Kronos,['win'],"8 Oct, 2024",¥8.80
3233970,Loop,"['win', 'mac']","8 Oct, 2024",¥22.00
3251250,Skull and Bones - Deluxe Pack,['win'],"8 Oct, 2024",¥98.00
2873650,Quiet House Massacre,['win'],"8 Oct, 2024",¥13.50
3226700,Goblin: Mutation,['win'],"8 Oct, 2024",¥37.80
3163690,Anomaly Corridor,"['win', 'linux']","8 Oct, 2024",¥15.30
3254370,There's No Santa Demo,"['win', 'mac', 'linux']","8 Oct, 2024",Free
3275660,Fishing Valley Demo,['win'],"8 Oct, 2024",Free
3266540,A Package For Space Demo,['win'],"8 Oct, 2024",Free
2196640,Engine Evolution 2023,['win'],"8 Oct, 2024",Free
3062350,Kingdom Two Crowns: Regent's Royal Wardrobe,"['win', 'mac', 'linux']","8 Oct, 2024",¥15.00
3062360,Kingdom Two Crowns: Archon's Royal Wardrobe,"['win', 'mac', 'linux']","8 Oct, 2024",¥15.00
2736340,Kingdom Two Crowns: Call of Olympus,"['win', 'mac', 'linux']","8 Oct, 2024",¥37.80
3256480,As We Descend Demo,['win'],"8 Oct, 2024",Free
3147270,Where The Crows Roam Demo,['win'],"8 Oct, 2024",Free
1833100,FrameFusion Motion Interpolation,['win'],"8 Oct, 2024",¥26.10
1926400,FrameFusion Motion Interpolation - Demo,['win'],"8 Oct, 2024",Free
2923850,AtomsPast,['win'],"8 Oct, 2024",¥64.80
3245210,Virulent Vessels: The Legend of Gobbledygunk,['win'],"8 Oct, 2024",¥15.00
3245470,Virulent Vessels: The Legend of Gobbledygunk Soundtrack,['music'],"8 Oct, 2024",¥15.00
3245480,Virulent Vessels - Manual,"['win', 'mac']","8 Oct, 2024",¥15.00
3171940,The House of Tesla Demo,['win'],"8 Oct, 2024",Free
3270280,Duelfront Demo,['win'],"8 Oct, 2024",Free
3186930,Their Navy Is Their Doom,['win'],"8 Oct, 2024",¥9.00
3266990,Retro Rally Demo,['win'],"8 Oct, 2024",Free
3203630,Mistery Demo,['win'],"8 Oct, 2024",Free
3098350,Survival: Fountain of Youth - Echoes of the Isles,['win'],"8 Oct, 2024",Free
3246770,NightDirge,['win'],"8 Oct, 2024",¥11.00
3243990,MagicTowerReset,['win'],"8 Oct, 2024",¥9.00
3167410,Toriki: The Castaway Island,"['win', 'linux']","8 Oct, 2024",Free
3217470,Mutant Fish,['win'],"8 Oct, 2024",¥6.00
3265040,The Supper: New Blood Demo,['win'],"8 Oct, 2024",Free
3274510,Edelweiss Knights Demo,['win'],"8 Oct, 2024",Free
3212530,Anthology Of The Killer,"['win', 'linux']","8 Oct, 2024",¥29.00
3247560,1号别墅 Demo,['win'],"8 Oct, 2024",Free
3247440,Madness on Display,['win'],"8 Oct, 2024",¥4.20
3244880,Blood Peace Demo,['win'],"8 Oct, 2024",Free
2124930,Gum Ball Run,['win'],"8 Oct, 2024",Free
3201940,Paper Puzzle,['win'],"8 Oct, 2024",¥9.35
3273010,Once upon a Dungeon - Infinity Demo,['win'],"8 Oct, 2024",Free
3276760,Side Alley Demo,['win'],"8 Oct, 2024",Free
3114380,The HELL Demo,['win'],"8 Oct, 2024",Free
3209080,poo poo war,['win'],"8 Oct, 2024",¥26.00
2089250,KillOption,['win'],"8 Oct, 2024",¥108.00
3203570,VR Sailing,"['win', 'group_separator']","8 Oct, 2024",Free
3275590,Sipssassin Demo,['win'],"8 Oct, 2024",Free
3206270,All Whispering Tome - Demo,"['win', 'linux']","8 Oct, 2024",Free
3273430,BitRick's Venture Demo,['win'],"8 Oct, 2024",Free
3205190,Alice's Lullaby,['win'],"8 Oct, 2024",¥58.00
3263630,H·P超自然事件档案 Demo,['win'],"8 Oct, 2024",Free
3265170,身为小丑的我怎么可能和美少女一起打牌 Demo,['win'],"8 Oct, 2024",Free
3260220,Angel Legion-DLC Cow Bikini (Brown),"['win', 'mac']","8 Oct, 2024",Free
3095350,Euclid Valley Demo,['win'],"8 Oct, 2024",Free
3244170,The Girl's Moving Castle Demo,['win'],"8 Oct, 2024",Free
3266920,Potion Wilds Demo,['win'],"8 Oct, 2024",Free
3265350,虚谷 Demo,['win'],"8 Oct, 2024",Free
3202300,Tetra Dungeon Demo,['win'],"8 Oct, 2024",Free
3244110,Legends of Aden demo,['win'],"8 Oct, 2024",Free
3187690,My Imaginary Friend Demo,['win'],"8 Oct, 2024",Free
3272480,My Boss Is Scaring Me Demo,['win'],"8 Oct, 2024",Free
3158960,Muffles' Life Sentence EPISODE 1,['win'],"8 Oct, 2024",Free
3173910,FightArena Demo,['win'],"8 Oct, 2024",Free
3227550,Cage of Roses Demo,['win'],"8 Oct, 2024",Free
3028340,Chaos Express: Delivery Simulator Demo,['win'],"8 Oct, 2024",Free
3043530,Diablo® IV: Vessel of Hatred™,['win'],"8 Oct, 2024",¥278.00
2884190,Fight School Simulator,"['win', 'mac']","8 Oct, 2024",¥33.75
2957490,DRAGON BALL: Sparking! ZERO Anime Music Pack 2,['win'],"8 Oct, 2024",¥118.00
2957480,DRAGON BALL: Sparking! ZERO Anime Music Pack 1,['win'],"8 Oct, 2024",¥118.00
2957470,DRAGON BALL: Sparking! ZERO Ultimate Upgrade Pack,['win'],"8 Oct, 2024",¥78.00
3250700,Cosmic Horror Tales Demo,['win'],"8 Oct, 2024",Free
3271940,Legends of Boom Demo,['win'],"8 Oct, 2024",Free
3260590,Color Dash Demo,['win'],"8 Oct, 2024",Free
2851430,Baron Demo,['win'],"8 Oct, 2024",Free
3163580,Fungiculture,['win'],"8 Oct, 2024",¥12.00
3267020,Malpractice Demo,['win'],"8 Oct, 2024",Free
2767600,Trials Of Randoom Demo,['win'],"8 Oct, 2024",Free
3203330,It Paints Me Digital Artbook,"['win', 'mac', 'linux']","8 Oct, 2024",¥18.00
3201160,It Paints Me Soundtrack,['music'],"8 Oct, 2024",¥11.00
3186680,It Paints Me,"['win', 'mac', 'linux']","8 Oct, 2024",Free
3276430,RollRiddle - Cube'n'Roll Demo,['win'],"8 Oct, 2024",Free
3245500,Blaster Boy Demo,['win'],"8 Oct, 2024",Free
3267120,We Are Alive Demo,['win'],"8 Oct, 2024",Free
3133040,Lost Lullabies: The Orphanage Chronicles Demo,['win'],"8 Oct, 2024",Free
3223720,MIRO Demo,['win'],"8 Oct, 2024",Free
3248760,Gym Camp Simulator Demo,['win'],"8 Oct, 2024",Free
3260800,Run Heroes Run Demo,['win'],"8 Oct, 2024",Free
3273080,Turbo Live Demo,['win'],"8 Oct, 2024",Free
3174980,Insight Demo,['win'],"8 Oct, 2024",Free
3249980,Strange Pong Demo,['win'],"8 Oct, 2024",Free
3266320,Find you Demo,['win'],"8 Oct, 2024",Free
2017620,Beloved Rapture,['win'],"8 Oct, 2024",¥56.10
3263790,THE REDSTONE JOB DEMO,['win'],"8 Oct, 2024",Free
3022500,Sakura Alien 3,"['win', 'mac', 'linux']","8 Oct, 2024",¥31.50
2565520,Year Unknown,"['win', 'linux']","8 Oct, 2024",¥35.70
993030,Rebots,['win'],"8 Oct, 2024",¥49.30
2810170,Creepy Creepy Love,['win'],"8 Oct, 2024",¥13.50
3229320,LightRay | Wayfinder,['win'],"8 Oct, 2024",¥16.20
3268990,Liminalcore Demo,['win'],"8 Oct, 2024",Free
3233650,GRING×GRIND,"['win', 'mac', 'linux']","8 Oct, 2024",¥9.00
3234760,Orange Roulette,['win'],"8 Oct, 2024",¥12.75
3270400,博物魅影 Demo,"['win', 'mac']","8 Oct, 2024",Free
3256690,Camille and Laura Demo,['win'],"8 Oct, 2024",Free
3159130,Bits at Work,['win'],"7 Oct, 2024",Free
3118020,Dog Man: Mission Impawsible Demo,['win'],"7 Oct, 2024",Free
3250840,The Die Is Cast Demo,['win'],"7 Oct, 2024",Free
3257830,DreadHaunt - Supporter Pack,['win'],"7 Oct, 2024",¥17.60
2118120,Kind Words 2 (lofi city pop),"['win', 'mac', 'linux']","7 Oct, 2024",¥64.60
3187020,Scales and Tails - XP Doubler,['win'],"7 Oct, 2024",¥6.00
3174720,Scales and Tails,['win'],"7 Oct, 2024",¥22.00
3273110,TetherGeist Demo,['win'],"7 Oct, 2024",Free
2240520,Dungeons and Raids,['win'],"7 Oct, 2024",¥43.20
3185760,Tinkerlands Demo,['win'],"7 Oct, 2024",Free
3195680,Welcome to Elderfield Alpha Demo,['win'],"7 Oct, 2024",Free
1873780,NecroFarm,['win'],"7 Oct, 2024",¥15.00
3252410,我与她们的大学画相 Demo,['win'],"7 Oct, 2024",Free
1844130,Stellar Orphans,['win'],"7 Oct, 2024",¥52.80
2112750,Toziuha Night: Order of the Alchemists,"['win', 'linux']","7 Oct, 2024",¥56.00
3101440,Color Soldiers Demo,['win'],"7 Oct, 2024",Free
2564820,Cosmorists,['win'],"7 Oct, 2024",¥37.80
3262680,The Maze Project Demo,['win'],"7 Oct, 2024",Free
2615630,Global Farmer,['win'],"7 Oct, 2024",¥68.40
2750480,7 Minutes in Hell,['win'],"7 Oct, 2024",¥42.00
2751380,Global Farmer - Asia,['win'],"7 Oct, 2024",Free
2751390,Global Farmer - Russia,['win'],"7 Oct, 2024",Free
2751400,Global Farmer - Northern Europe,['win'],"7 Oct, 2024",Free
2751410,Global Farmer - Africa,['win'],"7 Oct, 2024",Free
2751420,Global Farmer - North America,['win'],"7 Oct, 2024",Free
2751430,Global Farmer - Eastern Europe,['win'],"7 Oct, 2024",Free
2751440,Global Farmer - Southern Europe,['win'],"7 Oct, 2024",Free
2751450,Global Farmer - South America,['win'],"7 Oct, 2024",Free
2751460,Global Farmer - Australia and Oceania,['win'],"7 Oct, 2024",Free
3212460,Witch It - Eternal Protector Skin Pack,['win'],"7 Oct, 2024",¥22.10
3212440,Witch It - Winter Storm Witch Skin Pack,['win'],"7 Oct, 2024",¥22.10
3212470,Witch It - Time Keeper Skin Pack,['win'],"7 Oct, 2024",¥22.10
3212450,Witch It - Moon Sorceress Skin Pack,['win'],"7 Oct, 2024",¥18.70
1973310,Phoenix Springs,"['win', 'mac', 'linux']","7 Oct, 2024",¥76.00
3226400,Blue Hunter Demo,['win'],"7 Oct, 2024",Free
2728040,SherloCAT Holmes Nonogram,"['win', 'linux']","7 Oct, 2024",¥16.50
2968660,Cubin Demo,['win'],"7 Oct, 2024",Free
3027940,Karate Survivor Demo,['win'],"7 Oct, 2024",Free
3237190,Super Sami Roll 2 Demo,['win'],"7 Oct, 2024",Free
2199860,Animal Trainer Simulator,['win'],"7 Oct, 2024",¥52.20
3261790,Bounty Drag Racing - Outlaw Pack 7,['win'],"7 Oct, 2024",¥58.00
3263770,Junk Blocks Demo,['win'],"7 Oct, 2024",Free
3191090,Just Wing It Demo,['win'],"7 Oct, 2024",Free
3133380,Profiteer,['win'],"7 Oct, 2024",¥12.45
2986650,Viking Fish,['win'],"7 Oct, 2024",¥29.70
3090870,Greengrocer's,"['win', 'mac', 'linux']","7 Oct, 2024",Free
2751470,Global Farmer - Central America,['win'],"7 Oct, 2024",Free
3256490,Wings of Endless Demo,['win'],"7 Oct, 2024",Free
1939630,Proxy Adventure: Small Test,['win'],"7 Oct, 2024",¥17.60
3265820,Skallig Demo,['win'],"7 Oct, 2024",Free
3251230,Arts & Hearts Academy Demo,"['win', 'mac']","7 Oct, 2024",Free
2769210,Scarmonde,['win'],"7 Oct, 2024",¥47.60
3099020,Fast Food Simulator: Prologue,['win'],"7 Oct, 2024",Free
3260770,A Twisted Place - Demo,['win'],"7 Oct, 2024",Free
3197930,Street grabbing of territory,['win'],"7 Oct, 2024",¥15.00
3199440,Security: Stories by the fans,['win'],"7 Oct, 2024",Free
3223090,808 - Firetower12,['win'],"7 Oct, 2024",¥11.00
3245090,Retro Runner,['win'],"7 Oct, 2024",¥6.00
3261840,Aaero2 Demo,['win'],"7 Oct, 2024",Free
2733680,The house of the missing hands,['win'],"7 Oct, 2024",¥22.00
3236770,Vampyre Crusade Demo,['win'],"7 Oct, 2024",Free
763180,Anima Flux,"['win', 'mac', 'linux']","7 Oct, 2024",¥68.40
3271220,Devilguard Demo,['win'],"7 Oct, 2024",Free
3238590,Dragonero Soundtrack,['music'],"7 Oct, 2024",¥33.00
3226780,Necro Story Soundtrack,['music'],"7 Oct, 2024",¥23.40
968800,Necro Story,['win'],"7 Oct, 2024",¥40.80
3207460,Thread the Void VR,"['win', 'group_separator']","7 Oct, 2024",¥22.00
2919340,Project P,"['win', 'linux']","7 Oct, 2024",Free
3179330,Marie's Patisserie - Sweet Dreams - Collector's Edition,['win'],"7 Oct, 2024",¥68.00
3239490,Dorpie Demo,['win'],"7 Oct, 2024",Free
3137720,Commandos: Origins - Demo,['win'],"7 Oct, 2024",Free
3236460,NNNNNIGHT,['win'],"7 Oct, 2024",¥4.50
3256300,The Three Kingdoms of Shadows DEMO,['win'],"7 Oct, 2024",Free
3078590,Gensei Suikoden Plus,['win'],"7 Oct, 2024",¥80.96
2818450,Putrika 1st.cut:The Reason She Must Perish,['win'],"7 Oct, 2024",¥70.20
3227380,Tanks Racing Sim,['win'],"7 Oct, 2024",¥3.60
2768390,Into the Backrooms: Last Tape,['win'],"7 Oct, 2024",¥22.00
3266980,I Wanna Be A Game Dev! Demo,"['win', 'mac']","7 Oct, 2024",Free
3187530,Scissors Paper Stone: Alert,['win'],"7 Oct, 2024",¥6.00
2580000,Chess Ultimate,['win'],"7 Oct, 2024",Free
3072020,Jack of Clubs Demo,['win'],"7 Oct, 2024",Free
3214110,Combat Rover: Operation Storm Demo,['win'],"7 Oct, 2024",Free
3246270,Exo Wanderers Demo,['win'],"7 Oct, 2024",Free
2968980,Footy Bash Demo,"['win', 'linux']","7 Oct, 2024",Free
2645490,Ghostbane,['win'],"7 Oct, 2024",¥38.25
3168760,Apples Busy Day Demo,['win'],"7 Oct, 2024",Free
2677960,Waifu Slots,['win'],"7 Oct, 2024",¥12.60
3250610,Three Bulky Bears Demo,"['win', 'linux']","7 Oct, 2024",Free
3185490,BarGirls,['win'],"7 Oct, 2024",¥12.60
3272120,Telly the TV Demo,"['win', 'mac', 'linux']","7 Oct, 2024",Free
3259750,Revert (Demo),['win'],"7 Oct, 2024",Free
3225540,DominoA,['win'],"7 Oct, 2024",¥15.30
3232240,Zombie Shooter TPS,['win'],"7 Oct, 2024",¥18.70
3270160,Worldseekers - Deckbuilding RPG Demo,['win'],"7 Oct, 2024",Free
3151580,Roxy Raccoon: Troubles in Time Demo,['win'],"7 Oct, 2024",Free
3245580,Brawlers of Duality Demo,['win'],"6 Oct, 2024",Free
3246760,Marry a Deep One: Innsmouth Simulator Demo,['win'],"6 Oct, 2024",Free
3247670,100 Waiting Cats  - Artbook,['win'],"6 Oct, 2024",¥19.80
3247660,100 Waiting Cats Soundtrack,['music'],"6 Oct, 2024",¥19.80
3247680,100 Waiting Cats  - Extra Content,['win'],"6 Oct, 2024",¥9.90
3037060,100 Waiting Cats,['win'],"6 Oct, 2024",Free
2806110,Reblica,['win'],"6 Oct, 2024",¥12.00
3258940,Get Sticked! Demo,['win'],"6 Oct, 2024",Free
3246580,Unfair Rampage: Knightfall Demo,['win'],"6 Oct, 2024",Free
3269160,Asunder_II Demo,['win'],"6 Oct, 2024",Free
3238880,PLUG IT IN Demo,['win'],"6 Oct, 2024",Free
3258040,VIOLENT RUSH Demo,['win'],"6 Oct, 2024",Free
3260890,iVRy GearVR System Files Installer,['win'],"6 Oct, 2024",Free
3232680,Haunting: The Rosefield Manor,['win'],"6 Oct, 2024",¥20.80
3274700,Reaktor Demo,"['win', 'mac']","6 Oct, 2024",Free
3229690,见诡录：色孽 Haunting Record: Sins of Lust,['win'],"6 Oct, 2024",¥14.40
2254890,The Killing Antidote,['win'],"6 Oct, 2024",¥79.21
3072740,Fishing Zone,['win'],"6 Oct, 2024",Free
2445350,Spelly Cat,['win'],"6 Oct, 2024",¥28.14
3002780,Shadow of the Orient,['win'],"6 Oct, 2024",¥26.00
2735220,PolyZ,['win'],"6 Oct, 2024",¥23.39
1301290,Granny Kick Neighbor,['win'],"6 Oct, 2024",Free
3272210,SuperPosition Demo,['win'],"6 Oct, 2024",Free
3262750,Whispers of the Void Demo,"['win', 'group_separator']","6 Oct, 2024",Free
3266100,Rusalka Wrath Demo,['win'],"6 Oct, 2024",Free
3269980,Slot Gun Demo,"['win', 'mac']","6 Oct, 2024",Free
3270670,Unprotected Demo,['win'],"6 Oct, 2024",Free
3274890,ViCrew Demo,['win'],"6 Oct, 2024",Free
3238710,Pulse,['win'],"6 Oct, 2024",¥136.00
3160850,Takki Jump,"['win', 'mac', 'linux']","6 Oct, 2024",¥22.00
3144630,Otherlights Demo,['win'],"6 Oct, 2024",Free
3265970,Gnomecart Havoc Demo,['win'],"6 Oct, 2024",Free
3186900,Fantasy Quest Demo,['win'],"6 Oct, 2024",Free
3206900,VELLUM QUEST 〜神の残滓〜,['win'],"5 Oct, 2024",¥22.00
3195060,Escape From Infection Zone Demo,['win'],"5 Oct, 2024",Free
3134260,OPG: Clan Wars Demo,['win'],"5 Oct, 2024",Free
3229050,Following Seas Demo,['win'],"5 Oct, 2024",Free
3240650,Vacuum Warrior - Skins Pack,['win'],"5 Oct, 2024",¥18.00
1564350,Bot Loop,['win'],"5 Oct, 2024",¥68.40
3150220,dysto-wanderer demo,['win'],"5 Oct, 2024",Free
3271800,The Kantist Demo,['win'],"5 Oct, 2024",Free
2896220,Hero's Warband,['win'],"5 Oct, 2024",¥23.40
3177630,Shooting Range Simulator Demo,['win'],"5 Oct, 2024",Free
3260350,Rainbow Fighter Demo,['win'],"5 Oct, 2024",Free
3270130,Chroma Zero Demo,['win'],"5 Oct, 2024",Free
3261160,Voices in the Dark Demo,['win'],"5 Oct, 2024",Free
3268100,Finnish Cabin Mayhem - Mökkimähinä Demo,['win'],"5 Oct, 2024",Free
3269000,Édgimon Demo,"['win', 'mac', 'linux']","5 Oct, 2024",Free
3244200,Plattis,['win'],"5 Oct, 2024",¥13.12
3206140,Interstellar Pioneering,"['win', 'mac']","5 Oct, 2024",¥6.93
3071530,Cyberkiller Demo,['win'],"5 Oct, 2024",Free
3223190,Mouth Trap,"['win', 'mac']","5 Oct, 2024",¥29.00
3253880,Spirit of the Obelisk Demo,['win'],"5 Oct, 2024",Free
3254490,Whispers of Prague: The Executioner's Last Cut Soundtrack,['music'],"5 Oct, 2024",¥36.00
3262590,The Cold White Demo,['win'],"5 Oct, 2024",Free
3203030,King's Gambit Demo,['win'],"5 Oct, 2024",Free
3272850,Mech Survivor Elite Demo,['win'],"5 Oct, 2024",Free
3269140,Re:Flex Demo,['win'],"5 Oct, 2024",Free
3218150,XENO WIPEOUT!,['win'],"5 Oct, 2024",¥25.20
3147220,Sister Lumina and the Hypnosis Cult,['win'],"5 Oct, 2024",¥23.20
2928090,Dungeon Mercenaries,['win'],"5 Oct, 2024",¥34.80
3263670,Rum N' Gold Royale Demo,['win'],"5 Oct, 2024",Free
3272590,Echoes Of The House Demo,['win'],"5 Oct, 2024",Free
3267630,Demon Crush Demo,['win'],"5 Oct, 2024",Free
3131980,Peech World,['win'],"5 Oct, 2024",¥25.20
3267080,Customer Disservice Demo,['win'],"5 Oct, 2024",Free
3264760,Spectral Prison Demo,['win'],"5 Oct, 2024",Free
2686680,Home,['win'],"5 Oct, 2024",¥72.00
3263500,Your wife oh DEMO,['win'],"5 Oct, 2024",Free
3148600,GEO-DEUX,"['win', 'mac']","5 Oct, 2024",Free
3071030,HackSlash,['win'],"5 Oct, 2024",¥22.00
3261580,Echo of Mobius Demo,['win'],"5 Oct, 2024",Free
3248850,Sample Gunpowder Demo,['win'],"5 Oct, 2024",Free
3095890,Mechanines Tower Defense,['win'],"5 Oct, 2024",¥18.85
3038540,SOPA - Tale of the Stolen Potato Demo,['win'],"5 Oct, 2024",Free
3226950,Splatterbot Demo,"['win', 'linux']","5 Oct, 2024",Free
3256660,Manickologi Demo,['win'],"5 Oct, 2024",Free
2888480,Booster Racers,['win'],"5 Oct, 2024",¥9.35
3108210,Cashew Clicker,['win'],"5 Oct, 2024",Free
1870930,Atlas Ablaze,['win'],"5 Oct, 2024",¥22.00
3220690,Off Course ELEMENTS of SPACE,['win'],"5 Oct, 2024",¥42.00
3266910,Sepulchron Demo,['win'],"5 Oct, 2024",Free
3264450,Intercolonies Demo,['win'],"5 Oct, 2024",Free
3266450,Beaming Stingray Demo,['win'],"5 Oct, 2024",Free
3267610,Party on Hallow Grove Demo,['win'],"5 Oct, 2024",Free
3256600,GUG Demo,['win'],"5 Oct, 2024",Free
2545720,Manufactur’ inc. Demo,"['win', 'mac', 'linux']","5 Oct, 2024",Free
3019910,Deckarium Demo,['win'],"5 Oct, 2024",Free
3257010,Crayon Legend Demo,['win'],"5 Oct, 2024",Free
3264690,DEEP SPACE CACHE Demo,['win'],"5 Oct, 2024",Free
3235020,Affordable Healthcare DEMO,['win'],"5 Oct, 2024",Free
3265630,Holy Shoot Demo,['win'],"5 Oct, 2024",Free
3078830,Infinite Library,['win'],"5 Oct, 2024",Free
3261590,The Last Human In The Universe Demo,['win'],"5 Oct, 2024",Free
3201920,Friendly Sheeps: A Cozy Simulator Demo,['win'],"5 Oct, 2024",Free
3267540,Sumo Demo,['win'],"5 Oct, 2024",Free
1375010,Raccoon Roller Demo,['win'],"5 Oct, 2024",Free
3266850,Brilliant Jigsaw Demo,['win'],"5 Oct, 2024",Free
3258970,Croak Crusader: Spawn of the Spore Spectre Demo,['win'],"5 Oct, 2024",Free
3227280,NEETNectar's Abysmally Small Assortment,['win'],"5 Oct, 2024",Free
3267910,Primordialis Demo,['win'],"5 Oct, 2024",Free
3232600,Mystery of Gevaudan Demo,['win'],"5 Oct, 2024",Free
3078750,The Scorchfarer - Episode 2: Raid & Fortress,['win'],"5 Oct, 2024",¥18.70
3269490,Port Town: Survival Demo,['win'],"5 Oct, 2024",Free
3259870,SnackTimeActionGameTrial,['win'],"5 Oct, 2024",Free
3204430,Arena,['win'],"5 Oct, 2024",¥15.00
2735190,DitherDream,"['win', 'linux']","5 Oct, 2024",¥12.60
3267860,Blessed Curse Demo,['win'],"5 Oct, 2024",Free
3259580,The Curse of the Demon Tree Demo,['win'],"5 Oct, 2024",Free
2960830,Wobbler,"['win', 'linux']","5 Oct, 2024",¥18.00
3266680,Tower of Jank Demo,['win'],"5 Oct, 2024",Free
3219020,Proverbs Demo,"['win', 'mac']","5 Oct, 2024",Free
3207690,白猫冒险团 Demo,['win'],"5 Oct, 2024",Free
3123590,Shining Hero Demo,['win'],"5 Oct, 2024",Free
3264240,Dr. Gloom’s Lab™ Demo,['win'],"5 Oct, 2024",Free
3220530,Midnight Echo,"['win', 'mac']","5 Oct, 2024",¥36.00
3210580,SPARROW DEMO,['win'],"5 Oct, 2024",Free
1272320,Diplomacy is Not an Option,['win'],"5 Oct, 2024",¥64.35
3253350,Oratorio Demo,['win'],"5 Oct, 2024",Free
3179540,chromatic::/Resonance Demo,['win'],"5 Oct, 2024",Free
3120250,Lost Diskettes Vol.1,['win'],"5 Oct, 2024",¥13.50
3111560,ACP: Demo,['win'],"5 Oct, 2024",Free
3221090,Assault Commander Rearmed Demo,"['win', 'mac']","5 Oct, 2024",Free
3072900,Dead Streets: Zombie Blitz Demo,['win'],"5 Oct, 2024",Free
3189500,Babette Demo,['win'],"5 Oct, 2024",Free
3160720,Assault Commander Rearmed,"['win', 'mac']","5 Oct, 2024",¥39.84
3233870,Dami and Secret Library,['win'],"5 Oct, 2024",¥6.00
515010,A Duel Hand Disaster: Trackher,['win'],"5 Oct, 2024",¥37.00
3208150,Freckles Demo,"['win', 'mac', 'linux']","5 Oct, 2024",Free
3003110,Zector 7 Demo,['win'],"4 Oct, 2024",Free
3163150,真空少女H Demo,['win'],"4 Oct, 2024",Free
3167230,Zombie Cards: Survival Showdown Demo,['win'],"4 Oct, 2024",Free
3107740,Lore of the Frog,['win'],"4 Oct, 2024",¥33.80
3226690,The Devil's Whisper Demo,"['win', 'mac']","4 Oct, 2024",Free
3197740,MentalHellacious Demo,['win'],"4 Oct, 2024",Free
2720950,Grunn,"['win', 'mac']","4 Oct, 2024",¥39.00
3254920,Stealth Syndicate Demo,"['win', 'mac', 'linux']","4 Oct, 2024",Free
3249740,ABI-DOS Demo,['win'],"4 Oct, 2024",Free
1030760,SteamDolls - Prologue Demo FREE,['win'],"4 Oct, 2024",Free
3234550,Cadence,['win'],"4 Oct, 2024",¥16.20
2172010,Until Dawn™,['win'],"4 Oct, 2024",¥398.00
2758730,Mario & Ana,['win'],"4 Oct, 2024",¥15.30
3134520,Laser Battle Cats - travel & destroy! Demo,['win'],"4 Oct, 2024",Free
1101120,Gunsmith Simulator,['win'],"4 Oct, 2024",¥49.40
1485690,Potion Tycoon,['win'],"4 Oct, 2024",¥48.00
3080170,The Infernal Abyss,['win'],"4 Oct, 2024",¥11.00
3204130,Hypotheses on the Symmetry between Vision and Hands - Demo,"['win', 'mac', 'linux']","4 Oct, 2024",Free
3238070,Bubbits Demo,"['win', 'linux']","4 Oct, 2024",Free
3266840,Kill them all Demo,['win'],"4 Oct, 2024",Free
3176260,Out of Your Mind Demo,['win'],"4 Oct, 2024",Free
3120900,Jellies of the Deep Demo,['win'],"4 Oct, 2024",Free
3167640,Cursed Broom Demo,['win'],"4 Oct, 2024",Free
3208470,Magic Sword,['win'],"4 Oct, 2024",Free
1899300,Combat Complex,['win'],"4 Oct, 2024",¥60.80
3174140,Shop Manager Simulator,['win'],"4 Oct, 2024",¥23.40
3264120,A Difficult Game About Driving Demo,['win'],"4 Oct, 2024",Free
3209820,Brave Fantasy Demo,['win'],"4 Oct, 2024",Free
2905170,Magic Archery,['win'],"4 Oct, 2024",Free
3156480,绝尘 Demo,['win'],"4 Oct, 2024",Free
3222410,Final Outcry Demo,['win'],"4 Oct, 2024",Free
3214830,Tanks of Freedom II Demo,['win'],"4 Oct, 2024",Free
3072830,Gungrave G.O.R.E - Harry MacDowell,['win'],"4 Oct, 2024",¥22.80
3072820,Gungrave G.O.R.E - Rocket Billy Red Cadillac,['win'],"4 Oct, 2024",¥22.80
1875760,Gungrave G.O.R.E - Street Grave,['win'],"4 Oct, 2024",¥18.80
3192620,Zombots: Invasion Demo,['win'],"4 Oct, 2024",Free
2961690,WN_RPG 1B Demo,['win'],"4 Oct, 2024",Free
2597360,Citadale - The Accursed Seal,['win'],"4 Oct, 2024",¥35.70
3224340,Don't Wake Grandpa,['win'],"4 Oct, 2024",¥22.00
2257110,STACK & the Grumblepuff from Above,['win'],"4 Oct, 2024",Free
3191650,Hooptown Hero Demo,['win'],"4 Oct, 2024",Free
3234750,ESCAPE FROM 8-12,['win'],"4 Oct, 2024",¥16.20
3254540,Imperial Settlers: Imperial Miners Demo,['win'],"4 Oct, 2024",Free
3189820,Stellarcraft,['win'],"4 Oct, 2024",¥37.80
3246410,Kamikaze Empire Demo,['win'],"4 Oct, 2024",Free
3242580,Hunting Shadows Demo,['win'],"4 Oct, 2024",Free
2738440,KBF: Knight Bar Fight,['win'],"4 Oct, 2024",¥16.20
3170890,Ruins of the Forgotten:  A Wild Survival Demo,['win'],"4 Oct, 2024",Free
3107680,Don't Drop The Cake: Prologue,['win'],"4 Oct, 2024",Free
3227940,Judofuri Demo,['win'],"4 Oct, 2024",Free
3230290,BlightFog,['win'],"4 Oct, 2024",Free
3124880,The Sacrifice Demo,['win'],"4 Oct, 2024",Free
3041970,Tales From The Arcade: Fartmania Demo,['win'],"4 Oct, 2024",Free
3234050,新米教師,['win'],"4 Oct, 2024",¥14.40
2956820,近畿霊務局 - Kinki Spiritual Affairs Bureau,['win'],"4 Oct, 2024",¥42.00
3221800,Hardstrike: The Fall,['win'],"4 Oct, 2024",¥46.00
3225520,Cobot-Man Adventure,['win'],"4 Oct, 2024",¥4.20
3264220,Combine 2 Pumpkins Demo,['win'],"4 Oct, 2024",Free
3153970,Super Jigsaw Puzzle: Generations - Colorful 4,['win'],"4 Oct, 2024",¥28.80
3269930,AI-VJ - Magic Forest 2 Visuals,['win'],"4 Oct, 2024",¥19.80
2322380,SpongeBob SquarePants™: The Patrick Star Game,['win'],"4 Oct, 2024",¥136.00
2422970,Business Heroes: Street Grub Demo,['win'],"4 Oct, 2024",Free
3207190,摧毁模拟器 - 街头判官（Smash simulator）,['win'],"4 Oct, 2024",¥10.50
2648230,Eco Balance Demo,['win'],"4 Oct, 2024",Free
3110150,夜弦酒吧员工守则（Employee Rules of the Night Strings）,['win'],"4 Oct, 2024",¥8.80
3210360,Build Up Demo,['win'],"4 Oct, 2024",Free
3102270,Deva's Neverland - SideStory,['win'],"4 Oct, 2024",¥19.89
3171950,Dungeon of Erotic Master Plus Demo,['win'],"4 Oct, 2024",Free
3185860,Vengeance is His,['win'],"4 Oct, 2024",¥24.75
3016690,JACKPOISON,['win'],"4 Oct, 2024",¥28.80
3188740,Alex: An Adventure Between the Ages Demo,['win'],"4 Oct, 2024",Free
3265860,Alnico Smithery Demo,['win'],"4 Oct, 2024",Free
3264900,Tribe Nation Demo,['win'],"4 Oct, 2024",Free
3239280,Laundry Store Simulator Demo,['win'],"4 Oct, 2024",Free
3215940,Pixel Restorer：Image Folder 3,['win'],"4 Oct, 2024",¥4.50
3242840,Murder On Space Station 52 Soundtrack,['music'],"4 Oct, 2024",¥22.00
3266720,Mindbug Online Demo,['win'],"4 Oct, 2024",Free
3167690,Being John Gogh,['win'],"4 Oct, 2024",¥26.00
3235760,Grand Fantasy Heroes Demo,['win'],"4 Oct, 2024",Free
3227360,Ruku's Heart Balloon DEMO,['win'],"4 Oct, 2024",Free
3242040,King of Hearts Demo,['win'],"4 Oct, 2024",Free
3014750,Cursed House 7,['win'],"4 Oct, 2024",¥42.00
3234350,Fractals of Destiny Original Soundtrack,['music'],"4 Oct, 2024",¥11.00
3249590,Zeleny Grimn Demo,['win'],"4 Oct, 2024",Free
3221410,少女怪奇事件簿:永生 Salvation:Immortale Demo,['win'],"4 Oct, 2024",Free
3215620,GOLFR Demo,['win'],"4 Oct, 2024",Free
3181620,NeveRossa Complete Guide Book,['win'],"4 Oct, 2024",¥56.00
3141020,緋雪千夜～之後…千夜一夜～,['win'],"4 Oct, 2024",¥158.00
3208850,Backrooms Security Room Demo,['win'],"4 Oct, 2024",Free
3246940,Angel Legion-DLC Pose03,"['win', 'mac']","4 Oct, 2024",Free
3267410,Barbarian Demo,['win'],"4 Oct, 2024",Free
3078300,Project Silverfish Demo,['win'],"4 Oct, 2024",Free
3208690,Divinity Chess,"['win', 'mac']","4 Oct, 2024",¥136.00
3215200,Pumpkin Clicker,['win'],"4 Oct, 2024",Free
2896890,Robokid Demo,['win'],"4 Oct, 2024",Free
2511750,Don't Drown Demo,['win'],"4 Oct, 2024",Free
3222090,Grocery Store Tycoon Demo,['win'],"4 Oct, 2024",Free
3116100,Horror at the Harpers,['win'],"4 Oct, 2024",¥33.00
3257700,DISORDER Demo,['win'],"4 Oct, 2024",Free
3259630,VERSEBREAK Demo,['win'],"4 Oct, 2024",Free
3061910,Pirate Hunter,['win'],"4 Oct, 2024",¥42.00
3250740,Black Dust Demo,['win'],"4 Oct, 2024",Free
3257640,My Arms Are Longer Now Demo,['win'],"4 Oct, 2024",Free
3259620,Hero of the Hive Demo,['win'],"4 Oct, 2024",Free
3133190,Bob The Zhero Demo,['win'],"4 Oct, 2024",Free
2724990,SaiBorRai,['win'],"4 Oct, 2024",Free
3238720,Scrap Age: Survivors Demo,['win'],"4 Oct, 2024",Free
3264580,Doomwalker Demo,['win'],"4 Oct, 2024",Free
3124750,Argonauts Path Demo,['win'],"4 Oct, 2024",Free
3236640,Day at the Office Demo,['win'],"4 Oct, 2024",Free
3196340,The Short Story Of A Riftkeeper,['win'],"4 Oct, 2024",¥6.00
3264030,The Whittled Horse Demo,['win'],"4 Oct, 2024",Free
3266070,Little Survivors Soundtrack,['music'],"4 Oct, 2024",¥15.00
3236240,"Watch out, the Doors are Closing Demo",['win'],"4 Oct, 2024",Free
3079620,TRex Hero Demo,['win'],"4 Oct, 2024",Free
3222340,Macho Shot,['win'],"4 Oct, 2024",¥13.20
3028060,Retro Horror Story,"['win', 'mac']","4 Oct, 2024",¥15.00
3024980,TEKKEN 8 - Heihachi Mishima,['win'],"4 Oct, 2024",¥48.00
3210170,Los Pingheros Demo,['win'],"4 Oct, 2024",Free
3257420,"Guns, Blocks, and Steel Demo",['win'],"4 Oct, 2024",Free
3245520,Celestis Demo,"['win', 'mac', 'linux']","4 Oct, 2024",Free
2939660,SWORD ART ONLINE Fractured Daydream Character Pass Vol. 1,['win'],"4 Oct, 2024",¥148.00
1858630,SWORD ART ONLINE Fractured Daydream,['win'],"4 Oct, 2024",¥298.00
3189730,Snowball Fight Game Demo,['win'],"4 Oct, 2024",Free
3256500,The Mare of Jonah Demo,['win'],"4 Oct, 2024",Free
3236780,A Mausoleum for All Demo,['win'],"4 Oct, 2024",Free
3132130,Ragdoll Rumble Demo,['win'],"4 Oct, 2024",Free
3264010,High Dragon Tower Demo,['win'],"4 Oct, 2024",Free
3233020,Gotchaball Demo,"['win', 'mac']","4 Oct, 2024",Free
3184870,High Score Demo,['win'],"4 Oct, 2024",Free
3194370,Monotonia Demo,['win'],"4 Oct, 2024",Free
3235200,Nia: Jewel Hunter Demo,['win'],"4 Oct, 2024",Free
3148450,Beep Boop Demo,"['win', 'mac']","4 Oct, 2024",Free
3213060,Wicked Times Soundtrack,['music'],"4 Oct, 2024",¥11.00
3208550,Who Dies First ?,['win'],"4 Oct, 2024",¥16.50
3151160,Climb Quest,['win'],"4 Oct, 2024",¥22.00
3164110,Thanks Merlin Demo,['win'],"4 Oct, 2024",Free
3242060,Skies Above Soundtrack,['music'],"4 Oct, 2024",¥15.00
3242680,Fantasy World Simulator Demo,['win'],"4 Oct, 2024",Free
3004270,"Civilización Caral Perú, la más antigua de América","['win', 'group_separator']","4 Oct, 2024",Free
3263840,Selenetrope Demo,['win'],"4 Oct, 2024",Free
3139740,Siaty's return demo,['win'],"4 Oct, 2024",Free
3218290,Cat Clean Ocean Demo,['win'],"4 Oct, 2024",Free
948980,C-ZERO [Carsteroids Zero],['win'],"4 Oct, 2024",Free
3182830,CrossPlanet Demo,['win'],"4 Oct, 2024",Free
3217580,Elara's Light,['win'],"4 Oct, 2024",¥29.00
3253160,AI2U - With You 'Til The End Demo,"['win', 'mac']","4 Oct, 2024",Free
3262030,Letalis Demo,"['win', 'mac']","4 Oct, 2024",Free
3259070,The Prisoner Demo,['win'],"4 Oct, 2024",Free
3264330,A Dash of Color Demo,['win'],"4 Oct, 2024",Free
3257610,ToriDori 2 Demo,"['win', 'mac', 'linux']","4 Oct, 2024",Free
3025940,Project: Mist Demo,['win'],"4 Oct, 2024",Free
3244930,Tailside: Cozy Cafe Sim Demo,['win'],"4 Oct, 2024",Free
992910,The Black Masses,['win'],"4 Oct, 2024",¥70.00
3217990,Aim Trainer Gauntlet,['win'],"4 Oct, 2024",Free
3209550,"City Lights, Old Flames Demo",['win'],"4 Oct, 2024",Free
2823310,The Hallways,['win'],"4 Oct, 2024",¥18.00
3263430,Hook Line and Sniper Demo,"['win', 'linux']","4 Oct, 2024",Free
2997760,The Reluctant Redemption of Verity Lux Demo,"['win', 'mac']","4 Oct, 2024",Free
3238410,Tower Invaders: Guardian of the Yew-Wand Demo,['win'],"4 Oct, 2024",Free
3200540,Son and Bone,['win'],"4 Oct, 2024",¥108.00
3163570,Minimal Slide,"['win', 'linux']","4 Oct, 2024",¥17.60
2878420,Old Market Simulator,['win'],"4 Oct, 2024",¥25.20
3199510,帝缚山海 Demo,['win'],"4 Oct, 2024",Free
1985170,"Warhammer 40,000: Warpforge","['win', 'mac']","4 Oct, 2024",Free
3261700,Victim 10 PM Demo,['win'],"4 Oct, 2024",Free
1640890,Hell of an Office,['win'],"4 Oct, 2024",¥58.00
908360,Monomyth,['win'],"4 Oct, 2024",¥68.40
2779110,Six Legends Demo,['win'],"4 Oct, 2024",Free
2792150,"Warhammer 40,000: Space Marine 2 - Ultramarines Cosmetic Pack",['win'],"4 Oct, 2024",¥20.00
2486150,"Warhammer 40,000: Space Marine 2 - Macragge’s Chosen DLC",['win'],"4 Oct, 2024",¥20.00
1564600,The Last Plague: Blight,"['win', 'mac', 'linux']","4 Oct, 2024",¥66.00
3240260,I'm on Observation Duty 7 Demo,"['win', 'mac', 'linux']","4 Oct, 2024",Free
3204220,Hell of an Office - Soundtrack,['music'],"4 Oct, 2024",¥11.00
2832090,Yume Kakigori Demo,"['win', 'mac']","4 Oct, 2024",Free
2879880,Crib Demo,['win'],"4 Oct, 2024",Free
3212020,"Warhammer 40,000: Space Marine 2 - Original Soundtrack",['music'],"4 Oct, 2024",¥34.00
3243040,RPG Maker MZ - CyberCity The Silver Strip,"['win', 'mac']","4 Oct, 2024",¥48.00
3212040,"Warhammer 40,000: Space Marine 2 - The Art and Making of",['win'],"4 Oct, 2024",¥29.00
3242990,RPG Maker MV - CyberCity The Silver Strip,"['win', 'mac', 'linux']","4 Oct, 2024",¥48.00
3243080,RPG Maker MZ - Another World Heroine Generator 5 for MZ,"['win', 'mac']","4 Oct, 2024",¥58.00
3203520,Lynked: Banner of the Spark Demo,['win'],"4 Oct, 2024",Free
3222660,"Bye!Den, GO!",['win'],"4 Oct, 2024",Free
3258130,My Party Needs An Alchemist Demo,"['win', 'mac']","4 Oct, 2024",Free
3260260,Turbo Dismount 2 Demo,['win'],"4 Oct, 2024",Free
3245820,Airport X-Ray Simulator Demo,['win'],"4 Oct, 2024",Free
3183580,"Sequence, The Ranked Poker Dice Game Demo",['win'],"4 Oct, 2024",Free
3172950,Beyond Astra Demo,['win'],"4 Oct, 2024",Free
3209460,Lamentations Demo,['win'],"4 Oct, 2024",Free
3262710,Scivics Demo,['win'],"4 Oct, 2024",Free
3207510,The Tunnel,['win'],"4 Oct, 2024",¥22.00
3103180,Luna's Twilight Demo,['win'],"4 Oct, 2024",Free
3256430,Trapped In Family Vacation Demo,['win'],"4 Oct, 2024",Free
3239110,Graffiti Simulator Demo,['win'],"4 Oct, 2024",Free
3221200,Silicon Wasteland Demo,['win'],"4 Oct, 2024",Free
3221140,Mini City: Mayhem Demo,['win'],"4 Oct, 2024",Free
3022460,Nazizombies Slayer Demo,['win'],"4 Oct, 2024",Free
2613100,Roll The Bones Demo,['win'],"4 Oct, 2024",Free
3198620,Nazar Demo,['win'],"4 Oct, 2024",Free
3264100,Escape from the Collector Demo,['win'],"3 Oct, 2024",Free
3122840,Rock Digger Demo,['win'],"3 Oct, 2024",Free
3238120,Lonely Mountains: Snow Riders Demo,['win'],"3 Oct, 2024",Free
3221590,Lost But Found Demo,['win'],"3 Oct, 2024",Free
2517400,Elemental Realms Demo,['win'],"3 Oct, 2024",Free
3027010,HYPERBEAT Demo,['win'],"3 Oct, 2024",Free
3132850,HARK THE GHOUL Demo,['win'],"3 Oct, 2024",Free
2317010,Periculum,"['win', 'group_separator']","3 Oct, 2024",¥23.14
3200990,Silent Sadie Demo,['win'],"3 Oct, 2024",Free
3177020,Forces of Ether Demo,['win'],"3 Oct, 2024",Free
3201690,Dead Metro Demo,['win'],"3 Oct, 2024",Free
3259360,Pinevale Settlements Demo,['win'],"3 Oct, 2024",Free
3252850,Anterris Demo,['win'],"3 Oct, 2024",Free
3235560,Tokiros Demo,['win'],"3 Oct, 2024",Free
3249690,Me and (My) Cat's Island Demo,['win'],"3 Oct, 2024",Free
3138360,TransMemory,['win'],"3 Oct, 2024",¥18.00
3232550,Cube Survivor Demo,['win'],"3 Oct, 2024",Free
3219810,Wrekless Demo,['win'],"3 Oct, 2024",Free
2990380,EMPTY SHELL: THE LOOP Demo,['win'],"3 Oct, 2024",Free
3186920,I Am Etheric Demo,['win'],"3 Oct, 2024",Free
3137120,DISORDER: Demo,['win'],"3 Oct, 2024",Free
3235280,Harbinger - Supporter Pack,['win'],"3 Oct, 2024",¥26.00
2859800,Harbinger,['win'],"3 Oct, 2024",Free
3182460,Warlord: Awaji Demo,['win'],"3 Oct, 2024",Free
3228680,Luke The Hybrid,['win'],"3 Oct, 2024",Free
3169920,Diary of an International Student Demo,"['win', 'mac']","3 Oct, 2024",Free
3238770,Bellfortis Demo,['win'],"3 Oct, 2024",Free
2958350,Metal: Hellsinger VR - Purgatory,['win'],"3 Oct, 2024",¥26.49
2938710,Metal: Hellsinger VR - Essential Hits Pack,['win'],"3 Oct, 2024",¥41.99
2938700,Metal: Hellsinger VR - Dream of the Beast,['win'],"3 Oct, 2024",¥18.79
2193540,Wizard of Legend 2,['win'],"3 Oct, 2024",¥80.00
2878270,Metal: Hellsinger VR,"['win', 'group_separator']","3 Oct, 2024",¥109.99
2015960,Parcel Corps,['win'],"3 Oct, 2024",¥115.20
2661080,PNG Mall Demo,['win'],"3 Oct, 2024",Free
2512930,Guardians of the Sanctree,['win'],"3 Oct, 2024",¥61.20
3201700,Love in an Enchanted Realm Demo,['win'],"3 Oct, 2024",Free
3045930,Artificial Fashionista - Autumn Collection,"['win', 'mac', 'linux']","3 Oct, 2024",¥15.00
3142260,Blood Purge: Releaseburg Demo,['win'],"3 Oct, 2024",Free
1327500,Touch Type Tale - Strategic Typing Demo,['win'],"3 Oct, 2024",Free
1885200,Rally: Endless Conquest,['win'],"3 Oct, 2024",¥22.50
3255800,Blockdock Demo,['win'],"3 Oct, 2024",Free
3258930,Mycocosm Demo,['win'],"3 Oct, 2024",Free
3093140,Fate of Stars Demo,['win'],"3 Oct, 2024",Free
3053430,An Unexpectedly Green Journey Demo,"['win', 'mac', 'linux']","3 Oct, 2024",Free
3053420,An Unexpectedly Green Journey,"['win', 'mac', 'linux']","3 Oct, 2024",¥48.00
3233920,Hydroponics Farm & Store Simulator Demo,['win'],"3 Oct, 2024",Free
3257030,Heart-Lung Machine Demo,"['win', 'group_separator']","3 Oct, 2024",Free
3256570,Mini Mini Golf Golf Demo,"['win', 'mac']","3 Oct, 2024",Free
2887410,Garden of the Sea,['win'],"3 Oct, 2024",¥76.00
2511780,Vestiges: Fallen Tribes,"['win', 'group_separator']","3 Oct, 2024",¥58.00
1742360,Esports History,['win'],"3 Oct, 2024",¥36.96
2998790,Incantation Demo,['win'],"3 Oct, 2024",Free
3222820,Victory Heat Rally: Original Soundtrack,['music'],"3 Oct, 2024",¥18.00
1594060,Victory Heat Rally,['win'],"3 Oct, 2024",¥64.60
3211400,Florist Business Simulator Demo,['win'],"3 Oct, 2024",Free
2081032,The Port of Peril (Fighting Fantasy Classics),"['win', 'mac']","3 Oct, 2024",¥18.00
2794900,Bread or Dead VR Demo,"['win', 'group_separator']","3 Oct, 2024",Free
3246380,RANDOMAX Demo,['win'],"3 Oct, 2024",Free
3197820,Ragdoll Training Center Demo,['win'],"3 Oct, 2024",Free
2998970,Summon: Joint escape,['win'],"3 Oct, 2024",¥6.00
3238830,Kitter Demo,"['win', 'linux']","3 Oct, 2024",Free
3091870,Iron Village Demo,"['win', 'mac', 'linux']","3 Oct, 2024",Free
3167590,Take Notes Demo,['win'],"3 Oct, 2024",Free
3195740,Geometry Shooter Pro Demo,"['win', 'mac', 'linux']","3 Oct, 2024",Free
3136030,Geometry Shooter,"['win', 'mac', 'linux']","3 Oct, 2024",Free
3149080,Just Squat Demo,['win'],"3 Oct, 2024",Free
3258320,Afterlife Reverie Demo,['win'],"3 Oct, 2024",Free
3202100,GUNPYRE Demo,['win'],"3 Oct, 2024",Free
3261920,To Kill a God Demo,['win'],"3 Oct, 2024",Free
3238110,Deceit 2 - Clown Pack,['win'],"3 Oct, 2024",¥26.10
3239790,Ninja Town Demo,['win'],"3 Oct, 2024",Free
3257890,Polismos Demo,['win'],"3 Oct, 2024",Free
3212240,The Vanishing,['win'],"3 Oct, 2024",Free
3101690,Survival Soldier,"['win', 'mac']","3 Oct, 2024",¥18.00
3107880,Gnomes and Knights,"['win', 'mac']","3 Oct, 2024",¥18.70
3209230,Trolddom Demo,['win'],"3 Oct, 2024",Free
3262330,Marquee Candle Demo,['win'],"3 Oct, 2024",Free
3248800,Left to Rot - Live Action Movie,['win'],"3 Oct, 2024",Free
3244120,METRIA Demo,['win'],"3 Oct, 2024",Free
3133030,Battlemon - Cubeland Character,['win'],"3 Oct, 2024",¥6.00
3225530,The Wetrooms: Liminal Pools,['win'],"3 Oct, 2024",¥22.00
3199950,Dice 'n Goblins Demo,['win'],"3 Oct, 2024",Free
3011470,FaeTerra,['win'],"3 Oct, 2024",
3204730,3XTINCTION Demo,['win'],"3 Oct, 2024",Free
3212680,Gallop Champion Demo,['win'],"3 Oct, 2024",Free
2319390,Kvark,"['win', 'mac', 'linux']","3 Oct, 2024",¥76.00
3249940,Try to survive Today Demo,['win'],"3 Oct, 2024",Free
3226270,Candy Rangers Demo,['win'],"3 Oct, 2024",Free
2821440,Revelatio,['win'],"3 Oct, 2024",¥71.99
3087050,Dungeons of Dreadrock 2 - The Dead King's Secret DEMO,['win'],"3 Oct, 2024",Free
3096190,Combat Directive : Napoleonic Wars,['win'],"3 Oct, 2024",¥79.99
3221690,Kingdom's Deck Demo,['win'],"3 Oct, 2024",Free
3228100,Lost in the Mirrors,['win'],"3 Oct, 2024",¥15.00
3207120,Satisfrustration Demo,['win'],"3 Oct, 2024",Free
3221280,HEXAROMA Demo,['win'],"3 Oct, 2024",Free
3119250,Schizophrenia: The Last Shift,['win'],"3 Oct, 2024",¥22.00
3207820,Shallow Blue（浅蓝计划）,['win'],"3 Oct, 2024",Free
3201680,HAWA:99 - Cyberhive,['win'],"3 Oct, 2024",¥6.00
3211900,Fuel Station Simulator: Drive & Pumping Demo,['win'],"3 Oct, 2024",Free
3230220,Crowded Mysteries 2: Winter Romance,['win'],"3 Oct, 2024",¥18.00
3258050,Dog Walking Adventures Demo,['win'],"3 Oct, 2024",Free
3116480,End of Everything,['win'],"3 Oct, 2024",¥22.00
3203000,Wellenfjord Danmaku Adventure Demo,"['win', 'linux']","3 Oct, 2024",Free
3238860,DASHPUNCH Demo,['win'],"3 Oct, 2024",Free
3239030,Dungeon Flowy Demo,['win'],"3 Oct, 2024",Free
3250030,Block Fortress 2 Demo,['win'],"3 Oct, 2024",Free
3250660,Grime&Gold Demo,['win'],"3 Oct, 2024",Free
3213930,Cult -Vein- Demo,['win'],"3 Oct, 2024",Free
3220990,三国志潜龙在渊 Demo,['win'],"3 Oct, 2024",Free
3220780,Wool at the Gates Demo,['win'],"3 Oct, 2024",Free
2992550,Dull Acres,['win'],"3 Oct, 2024",Free
3221580,Space Duck: Escape Demo,['win'],"3 Oct, 2024",Free
2627950,"Yohane the Parhelion - NUMAZU in the MIRAGE - Costume ""Fluffy Lailaps""",['win'],"3 Oct, 2024",¥36.00
3211150,Terrorsepsis Demo,['win'],"3 Oct, 2024",Free
3261320,Fear in the Facts Farms Demo,['win'],"3 Oct, 2024",Free
3258150,Mystic Warfare Demo,['win'],"3 Oct, 2024",Free
3214560,Epoch of Guardians Demo,['win'],"3 Oct, 2024",Free
2978540,Gaming Cafe Simulator,['win'],"3 Oct, 2024",¥56.00
3193370,The First Settlement VR Demo,"['win', 'group_separator']","3 Oct, 2024",Free
3021430,LOLLIPOP CHAINSAW RePOP NEW ORIGINAL SOUNDTRACK,['music'],"3 Oct, 2024",¥63.90
3157450,"hololive Treasure Mountain Usada Pekora's ""Hiya-Peko DLC""","['win', 'mac']","3 Oct, 2024",¥18.00
3088050,Seasonal Bloom,['win'],"3 Oct, 2024",¥10.00
2999790,Just Skill Shooter 4,['win'],"3 Oct, 2024",¥15.54
3136920,Hare 136 Demo,"['win', 'linux']","3 Oct, 2024",Free
3248220,A Chronicle of Occultism in Skinnerburg Demo,['win'],"3 Oct, 2024",Free
3239070,LURKS WITHIN WALLS Demo,['win'],"3 Oct, 2024",Free
3261090,Fruit n Meat Demo,"['win', 'mac']","3 Oct, 2024",Free
3211800,Welcome to Bunny Farm,['win'],"3 Oct, 2024",Free
3148180,Walrus Run Demo,['win'],"3 Oct, 2024",Free
